<ndfpatch ndf="pc\ndf\patchable\gfx\everything.ndfbin" table="TUniteAuSolDescriptor" name="M7BFIST">
<!-- M3A1 becomes new unit-->
	<matchconditions>
		<matchcondition type="property" property="NameInMenuToken">6A9C9A37232CC405</matchcondition>
		<matchcondition type="property" property="MotherCountry">US</matchcondition>
	</matchconditions>
	<changes>
		<change property="ShowInMenu" key="0" type="Boolean" operation="set">true</change>
		<change property="HitRollSizeModifier" type="Float32" operation="set">0.05</change>
		<change property="ProductionPrice" type="Int32" key="0" operation="set">30</change>
		<change property="MaxDeployableAmount" operation="clear" />
		<change property="MaxDeployableAmount" type="Int32" operation="append">4</change>
		<change property="MaxDeployableAmount" type="Int32" operation="append">0</change>
		<change property="MaxDeployableAmount" type="Int32" operation="append">0</change>
		<change property="MaxDeployableAmount" type="Int32" operation="append">0</change>
		<change property="MaxDeployableAmount" type="Int32" operation="append">2</change>
		<change property="UnitTypeTokens" operation="clear" />
		<change property="UnitTypeTokens" type="LocalisationHash" operation="append">5C76718B57360E00</change>
		<change property="UpgradeRequire" operation="null" />
		<!--Stealth to poor -->
		<change operation="set" property="Modules" key="Visibility" type="ObjectReference">
			<reference table="TModuleSelector">
			  <matchconditions>
				<matchcondition type="references" table="TVisibilityModuleDescriptor">
				  <matchconditions>
					<matchcondition type="property" property="ControllerName">VisibilityController</matchcondition>
				  </matchconditions>
				</matchcondition>
				<matchcondition type="referencedby" table="TUniteAuSolDescriptor">
				  <matchconditions>
					<matchcondition type="property" property="ClassNameForDebug">Unit_LAV_25</matchcondition>
				  </matchconditions>
				</matchcondition>
			  </matchconditions>
			</reference>
		</change>
			<!-- armor module to M3A3 -->
			<change operation="set" property="Modules" key="Damage" type="ObjectReference">
				<reference table="TModuleSelector">
				  <matchconditions>
					<matchcondition type="references" table="TModernWarfareDamageModuleDescriptor">
					  <matchconditions>
						<matchcondition type="property" property="ControllerName">DamageController</matchcondition>
					  </matchconditions>
					</matchcondition>
					<matchcondition type="referencedby" table="TUniteAuSolDescriptor">
					  <matchconditions>
						<matchcondition type="property" property="ClassNameForDebug">Unit_M3A3_Bradley_US</matchcondition>
					  </matchconditions>
					</matchcondition>
				  </matchconditions>
				</reference>
			</change>
	</changes>
</ndfpatch>

<ndfpatch ndf="pc\ndf\patchable\gfx\everything.ndfbin" table="TDepictionTemplate" name="M7_BFIST">
   <matchconditions>
      <matchcondition type="referencedby" table="TTimelyReceiverFactoryCarrier">
         <matchconditions>
            <matchcondition type="referencedby" table="TApparenceModelModuleDescriptor">
               <matchconditions>
                  <matchcondition type="referencedby" table="TUniteAuSolDescriptor">
                     <matchconditions>
                        <matchcondition type="property" property="NameInMenuToken">6A9C9A37232CC405</matchcondition>
                        <matchcondition type="property" property="MotherCountry">US</matchcondition>
                     </matchconditions>
                  </matchcondition>
               </matchconditions>
            </matchcondition>
         </matchconditions>
      </matchcondition>
   </matchconditions>
   <changes>
      <change operation="clear" property="DepictionAlternatives" />
      <change operation="append" property="DepictionAlternatives" type="ObjectReference">
         <reference table="TDepictionDescriptor">
            <matchconditions>
               <matchcondition type="property" property="SelectorId">high</matchcondition>
               <matchcondition type="referencedby" table="TDepictionTemplate">
                  <matchconditions>
                     <matchcondition type="referencedby" table="TTimelyReceiverFactoryCarrier">
                        <matchconditions>
                           <matchcondition type="referencedby" table="TApparenceModelModuleDescriptor">
                              <matchconditions>
                                 <matchcondition type="referencedby" table="TUniteAuSolDescriptor">
                                    <matchconditions>
                                       <matchcondition type="property" property="NameInMenuToken">6A9C9A37432CC405</matchcondition>
                                       <matchcondition type="property" property="MotherCountry">US</matchcondition>
                                    </matchconditions>
                                 </matchcondition>
                              </matchconditions>
                           </matchcondition>
                        </matchconditions>
                     </matchcondition>
                  </matchconditions>
               </matchcondition>
            </matchconditions>
         </reference>
      </change>
      <change operation="append" property="DepictionAlternatives" type="ObjectReference">
         <reference table="TDepictionDescriptor">
            <matchconditions>
               <matchcondition type="property" property="SelectorId">mid</matchcondition>
               <matchcondition type="referencedby" table="TDepictionTemplate">
                  <matchconditions>
                     <matchcondition type="referencedby" table="TTimelyReceiverFactoryCarrier">
                        <matchconditions>
                           <matchcondition type="referencedby" table="TApparenceModelModuleDescriptor">
                              <matchconditions>
                                 <matchcondition type="referencedby" table="TUniteAuSolDescriptor">
                                    <matchconditions>
                                       <matchcondition type="property" property="NameInMenuToken">6A9C9A37432CC405</matchcondition>
                                       <matchcondition type="property" property="MotherCountry">US</matchcondition>
                                    </matchconditions>
                                 </matchcondition>
                              </matchconditions>
                           </matchcondition>
                        </matchconditions>
                     </matchcondition>
                  </matchconditions>
               </matchcondition>
            </matchconditions>
         </reference>
      </change>
      <change operation="append" property="DepictionAlternatives" type="ObjectReference">
         <reference table="TDepictionDescriptor">
            <matchconditions>
               <matchcondition type="property" property="SelectorId">low</matchcondition>
               <matchcondition type="referencedby" table="TDepictionTemplate">
                  <matchconditions>
                     <matchcondition type="referencedby" table="TTimelyReceiverFactoryCarrier">
                        <matchconditions>
                           <matchcondition type="referencedby" table="TApparenceModelModuleDescriptor">
                              <matchconditions>
                                 <matchcondition type="referencedby" table="TUniteAuSolDescriptor">
                                    <matchconditions>
                                       <matchcondition type="property" property="NameInMenuToken">6A9C9A37432CC405</matchcondition>
                                       <matchcondition type="property" property="MotherCountry">US</matchcondition>
                                    </matchconditions>
                                 </matchcondition>
                              </matchconditions>
                           </matchcondition>
                        </matchconditions>
                     </matchcondition>
                  </matchconditions>
               </matchcondition>
            </matchconditions>
         </reference>
      </change>
      <change operation="append" property="DepictionAlternatives" type="ObjectReference">
         <reference table="TDepictionDescriptor">
            <matchconditions>
               <matchcondition type="property" property="SelectorId">wreckedhigh</matchcondition>
               <matchcondition type="referencedby" table="TDepictionTemplate">
                  <matchconditions>
                     <matchcondition type="referencedby" table="TTimelyReceiverFactoryCarrier">
                        <matchconditions>
                           <matchcondition type="referencedby" table="TApparenceModelModuleDescriptor">
                              <matchconditions>
                                 <matchcondition type="referencedby" table="TUniteAuSolDescriptor">
                                    <matchconditions>
                                       <matchcondition type="property" property="NameInMenuToken">6A9C9A37432CC405</matchcondition>
                                       <matchcondition type="property" property="MotherCountry">US</matchcondition>
                                    </matchconditions>
                                 </matchcondition>
                              </matchconditions>
                           </matchcondition>
                        </matchconditions>
                     </matchcondition>
                  </matchconditions>
               </matchcondition>
            </matchconditions>
         </reference>
      </change>
      <change operation="append" property="DepictionAlternatives" type="ObjectReference">
         <reference table="TDepictionDescriptor">
            <matchconditions>
               <matchcondition type="property" property="SelectorId">wreckedmid</matchcondition>
               <matchcondition type="referencedby" table="TDepictionTemplate">
                  <matchconditions>
                     <matchcondition type="referencedby" table="TTimelyReceiverFactoryCarrier">
                        <matchconditions>
                           <matchcondition type="referencedby" table="TApparenceModelModuleDescriptor">
                              <matchconditions>
                                 <matchcondition type="referencedby" table="TUniteAuSolDescriptor">
                                    <matchconditions>
                                       <matchcondition type="property" property="NameInMenuToken">6A9C9A37432CC405</matchcondition>
                                       <matchcondition type="property" property="MotherCountry">US</matchcondition>
                                    </matchconditions>
                                 </matchcondition>
                              </matchconditions>
                           </matchcondition>
                        </matchconditions>
                     </matchcondition>
                  </matchconditions>
               </matchcondition>
            </matchconditions>
         </reference>
      </change>
      <change operation="append" property="DepictionAlternatives" type="ObjectReference">
         <reference table="TDepictionDescriptor">
            <matchconditions>
               <matchcondition type="property" property="SelectorId">wreckedlow</matchcondition>
               <matchcondition type="referencedby" table="TDepictionTemplate">
                  <matchconditions>
                     <matchcondition type="referencedby" table="TTimelyReceiverFactoryCarrier">
                        <matchconditions>
                           <matchcondition type="referencedby" table="TApparenceModelModuleDescriptor">
                              <matchconditions>
                                 <matchcondition type="referencedby" table="TUniteAuSolDescriptor">
                                    <matchconditions>
                                       <matchcondition type="property" property="NameInMenuToken">6A9C9A37432CC405</matchcondition>
                                       <matchcondition type="property" property="MotherCountry">US</matchcondition>
                                    </matchconditions>
                                 </matchcondition>
                              </matchconditions>
                           </matchcondition>
                        </matchconditions>
                     </matchcondition>
                  </matchconditions>
               </matchcondition>
            </matchconditions>
         </reference>
      </change>
   </changes>
</ndfpatch>

<ndfpatch ndf="pc\ndf\patchable\gfx\everything.ndfbin" table="TMountedWeaponDescriptor" name="M7_BFIST_HE">
		<matchconditions>
			<matchcondition type="referencedby" table="TTurretTwoAxisDescriptor">
				<matchconditions>
					<matchcondition type="referencedby" table="TWeaponManagerModuleDescriptor">
						<matchconditions>
							<matchcondition type="property" property="_ShortDatabaseName">WeaponDescriptor_Unit_M3A1_Bradley_CFV</matchcondition>
						</matchconditions>
					</matchcondition>
				</matchconditions>
			</matchcondition>
			<matchcondition type="property" property="EffectTag">weapon_effet_tag3</matchcondition>
		</matchconditions>
		<changes>
			<change operation="set" property="SalvoStockIndex" type="Int32">2</change>
			<change operation="set" property="SalvoStockIndex_ForInterface" type="Int32">2</change>
		</changes>
</ndfpatch>

<ndfpatch ndf="pc\ndf\patchable\gfx\everything.ndfbin" table="TTurretTwoAxisDescriptor" name="M7_BFIST">
		<matchconditions>
			<matchcondition type="referencedby" table="TWeaponManagerModuleDescriptor">
				<matchconditions>
					<matchcondition type="property" property="_ShortDatabaseName">WeaponDescriptor_Unit_M3A1_Bradley_CFV</matchcondition>
				</matchconditions>
			</matchcondition>
			<matchcondition type="property" property="Tag">tourelle1</matchcondition>
		</matchconditions>
		<changes>
			<change operation="delete" property="MountedWeaponDescriptorList" key="0"/>
		</changes>
</ndfpatch>

	<ndfpatch ndf="pc\ndf\patchable\gfx\everything.ndfbin" table="TTypeUnitModuleDescriptor" name="M7_BFIST">
		<matchconditions>
			<matchcondition type="property" property="NameInMenuToken">6A9C9A37232CC405</matchcondition>
			<matchcondition type="property" property="UnitInfoJaugeType">2</matchcondition>
		</matchconditions>
		<changes>		

		    <change operation="select" property="Filters" key="3"/>
			<change operation="clear" type="list"/>
			<change operation="append" type="LocalisationHash">5C76718B57360E00</change>
			
			<change operation="unselect" />
			
		    <change operation="select" property="Filters" key="4"/>
			<change operation="clear" type="list"/>
			<change operation="append" type="LocalisationHash">0BE781D955468B07</change>
			<change operation="append" type="LocalisationHash">4F0595D1E2010000</change>
			<change operation="append" type="LocalisationHash">0FBD4065B4780000</change>
			
		</changes>
	</ndfpatch>
	
<ndfpatch ndf="pc\ndf\patchable\gfx\everything.ndfbin" table="TWeaponManagerModuleDescriptor" name="M7_BFIST">
		<matchconditions>
			<matchcondition type="property" property="_ShortDatabaseName">WeaponDescriptor_Unit_M3A1_Bradley_CFV</matchcondition>
		</matchconditions>
		<changes>
			<change operation="set" property="Salves" key="1" type="Int32">7</change>
			<change operation="set" property="Salves" key="2" type="Int32">23</change>
		</changes>
</ndfpatch>