<wargamepatch>
<ndfpatch ndf="pc\ndf\patchable\gfx\everything.ndfbin" table="TUniteAuSolDescriptor" name="F18_A">
    <matchconditions>
      <matchcondition type="property" property="NameInMenuToken">B93ADFB494080B04</matchcondition>
      <matchcondition type="property" property="MotherCountry">US</matchcondition>
    </matchconditions>
    <changes>
		<change property="ShowInMenu" key="0" type="Boolean" operation="set">true</change>
		<change property="MaxPacks" type="UInt32" operation="set">2</change>
		<change property="ProductionPrice" type="Int32" key="0" operation="set">115</change>
		<change property="MaxDeployableAmount" operation="clear" />
		<change property="MaxDeployableAmount" type="Int32" operation="append">1</change>
		<change property="MaxDeployableAmount" type="Int32" operation="append">0</change>
		<change property="MaxDeployableAmount" type="Int32" operation="append">0</change>
		<change property="MaxDeployableAmount" type="Int32" operation="append">0</change>
		<change property="MaxDeployableAmount" type="Int32" operation="append">0</change>
		<change property="UnitTypeTokens" operation="clear" />
		<change property="UnitTypeTokens" type="LocalisationHash" operation="append">23B8605ED9380000</change>
		<change property="HitRollECMModifier" type="Float32" operation="set">-0.4</change>
		<!-- air optics to exceptional -->
		<change operation="set" property="Modules" key="ScannerConfiguration" type="ObjectReference">
			<reference table="TModuleSelector">
			  <matchconditions>
				<matchcondition type="references" table="TScannerConfigurationDescriptor">
				  <matchconditions>
					<matchcondition type="property" property="ControllerName">ScannerConfigurationController</matchcondition>
				  </matchconditions>
				</matchcondition>
				<matchcondition type="referencedby" table="TUniteAuSolDescriptor">
				  <matchconditions>
					<matchcondition type="property" property="ClassNameForDebug">Unit_F15C_Eagle</matchcondition>
				  </matchconditions>
				</matchcondition>
			  </matchconditions>
			</reference>
		</change>
		<!-- air optics to exceptional part 2-->
		<change operation="set" property="Modules" key="Scanner" type="ObjectReference">
			<reference table="TModuleSelector">
			  <matchconditions>
				<matchcondition type="references" table="TModernWarfareScannerModuleDescriptor">
				  <matchconditions>
					<matchcondition type="property" property="ControllerName">ScannerController</matchcondition>
				  </matchconditions>
				</matchcondition>
				<matchcondition type="referencedby" table="TUniteAuSolDescriptor">
				  <matchconditions>
					<matchcondition type="property" property="ClassNameForDebug">Unit_F15C_Eagle</matchcondition>
				  </matchconditions>
				</matchcondition>
			  </matchconditions>
			</reference>
		</change>
    </changes>
</ndfpatch>

<ndfpatch ndf="pc\ndf\patchable\gfx\everything.ndfbin" table="TUniteAuSolDescriptor" name="F18_C">
    <matchconditions>
      <matchcondition type="property" property="NameInMenuToken">EA7CD35293080B04</matchcondition>
      <matchcondition type="property" property="MotherCountry">US</matchcondition>
    </matchconditions>
    <changes>
		<change property="ShowInMenu" key="0" type="Boolean" operation="set">true</change>
		<change property="MaxPacks" type="UInt32" operation="set">2</change>
		<change property="ProductionPrice" type="Int32" key="0" operation="set">135</change>
		<change property="MaxDeployableAmount" operation="clear" />
		<change property="MaxDeployableAmount" type="Int32" operation="append">1</change>
		<change property="MaxDeployableAmount" type="Int32" operation="append">0</change>
		<change property="MaxDeployableAmount" type="Int32" operation="append">0</change>
		<change property="MaxDeployableAmount" type="Int32" operation="append">0</change>
		<change property="MaxDeployableAmount" type="Int32" operation="append">0</change>
		<change property="UnitTypeTokens" operation="clear" />
		<change property="UnitTypeTokens" type="LocalisationHash" operation="append">23B8605ED9380000</change>
		<!-- air optics to exceptional -->
		<change operation="set" property="Modules" key="ScannerConfiguration" type="ObjectReference">
			<reference table="TModuleSelector">
			  <matchconditions>
				<matchcondition type="references" table="TScannerConfigurationDescriptor">
				  <matchconditions>
					<matchcondition type="property" property="ControllerName">ScannerConfigurationController</matchcondition>
				  </matchconditions>
				</matchcondition>
				<matchcondition type="referencedby" table="TUniteAuSolDescriptor">
				  <matchconditions>
					<matchcondition type="property" property="ClassNameForDebug">Unit_F15C_Eagle</matchcondition>
				  </matchconditions>
				</matchcondition>
			  </matchconditions>
			</reference>
		</change>
		<!-- air optics to exceptional part 2-->
		<change operation="set" property="Modules" key="Scanner" type="ObjectReference">
			<reference table="TModuleSelector">
			  <matchconditions>
				<matchcondition type="references" table="TModernWarfareScannerModuleDescriptor">
				  <matchconditions>
					<matchcondition type="property" property="ControllerName">ScannerController</matchcondition>
				  </matchconditions>
				</matchcondition>
				<matchcondition type="referencedby" table="TUniteAuSolDescriptor">
				  <matchconditions>
					<matchcondition type="property" property="ClassNameForDebug">Unit_F15C_Eagle</matchcondition>
				  </matchconditions>
				</matchcondition>
			  </matchconditions>
			</reference>
		</change>
    </changes>
</ndfpatch>

<ndfpatch ndf="pc\ndf\patchable\gfx\everything.ndfbin" table="TUniteAuSolDescriptor" name="F18_3">
    <matchconditions>
      <matchcondition type="property" property="ClassNameForDebug">Unit_F14_Tomcat_Army</matchcondition>
      <matchcondition type="property" property="MotherCountry">US</matchcondition>
    </matchconditions>
    <changes>
		<change property="ShowInMenu" key="0" type="Boolean" operation="set">true</change>
		<change property="ProductionPrice" type="Int32" key="0" operation="set">140</change>
		<change property="MaxDeployableAmount" operation="clear" />
		<change property="MaxDeployableAmount" type="Int32" operation="append">1</change>
		<change property="MaxDeployableAmount" type="Int32" operation="append">0</change>
		<change property="MaxDeployableAmount" type="Int32" operation="append">0</change>
		<change property="MaxDeployableAmount" type="Int32" operation="append">0</change>
		<change property="MaxDeployableAmount" type="Int32" operation="append">0</change>
		<change property="UnitTypeTokens" operation="clear" />
		<change property="UnitTypeTokens" type="LocalisationHash" operation="append">23B8605ED9380000</change>
		<change property="HitRollECMModifier" type="Float32" operation="set">-0.4</change>
		<change operation="set" property="UpgradeRequire" type="ObjectReference">
			<reference table="TUniteAuSolDescriptor">
				<matchconditions>
					<matchcondition type="property" property="ClassNameForDebug">Unit_FA18C_Hornet</matchcondition>
				 </matchconditions>
			</reference>
		</change>
		<!-- air optics to exceptional -->
		<change operation="set" property="Modules" key="ScannerConfiguration" type="ObjectReference">
			<reference table="TModuleSelector">
			  <matchconditions>
				<matchcondition type="references" table="TScannerConfigurationDescriptor">
				  <matchconditions>
					<matchcondition type="property" property="ControllerName">ScannerConfigurationController</matchcondition>
				  </matchconditions>
				</matchcondition>
				<matchcondition type="referencedby" table="TUniteAuSolDescriptor">
				  <matchconditions>
					<matchcondition type="property" property="ClassNameForDebug">Unit_F15C_Eagle</matchcondition>
				  </matchconditions>
				</matchcondition>
			  </matchconditions>
			</reference>
		</change>
		<!-- air optics to exceptional part 2-->
		<change operation="set" property="Modules" key="Scanner" type="ObjectReference">
			<reference table="TModuleSelector">
			  <matchconditions>
				<matchcondition type="references" table="TModernWarfareScannerModuleDescriptor">
				  <matchconditions>
					<matchcondition type="property" property="ControllerName">ScannerController</matchcondition>
				  </matchconditions>
				</matchcondition>
				<matchcondition type="referencedby" table="TUniteAuSolDescriptor">
				  <matchconditions>
					<matchcondition type="property" property="ClassNameForDebug">Unit_F15C_Eagle</matchcondition>
				  </matchconditions>
				</matchcondition>
			  </matchconditions>
			</reference>
		</change>
    </changes>
</ndfpatch>

<ndfpatch ndf="pc\ndf\patchable\gfx\everything.ndfbin" table="TUniteAuSolDescriptor" name="F18_4">
    <matchconditions>
      <matchcondition type="property" property="NameInMenuToken">329DCF66AB750504</matchcondition>
      <matchcondition type="property" property="MotherCountry">US</matchcondition>
    </matchconditions>
    <changes>
		<change property="ShowInMenu" key="0" type="Boolean" operation="set">true</change>
		<change property="MaxPacks" type="UInt32" operation="set">2</change>
		<change property="ProductionPrice" type="Int32" key="0" operation="set">165</change>
		<change property="MaxDeployableAmount" operation="clear" />
		<change property="MaxDeployableAmount" type="Int32" operation="append">1</change>
		<change property="MaxDeployableAmount" type="Int32" operation="append">0</change>
		<change property="MaxDeployableAmount" type="Int32" operation="append">0</change>
		<change property="MaxDeployableAmount" type="Int32" operation="append">0</change>
		<change property="MaxDeployableAmount" type="Int32" operation="append">0</change>
		<change property="UnitTypeTokens" operation="clear" />
		<change property="UnitTypeTokens" type="LocalisationHash" operation="append">23B8605ED9380000</change>
		<change property="HitRollECMModifier" type="Float32" operation="set">-0.4</change>
		<change operation="set" property="UpgradeRequire" type="ObjectReference">
			<reference table="TUniteAuSolDescriptor">
				<matchconditions>
					<matchcondition type="property" property="ClassNameForDebug">Unit_F14_Tomcat_Army</matchcondition>
				 </matchconditions>
			</reference>
		</change>
		<!-- air optics to exceptional -->
		<change operation="set" property="Modules" key="ScannerConfiguration" type="ObjectReference">
			<reference table="TModuleSelector">
			  <matchconditions>
				<matchcondition type="references" table="TScannerConfigurationDescriptor">
				  <matchconditions>
					<matchcondition type="property" property="ControllerName">ScannerConfigurationController</matchcondition>
				  </matchconditions>
				</matchcondition>
				<matchcondition type="referencedby" table="TUniteAuSolDescriptor">
				  <matchconditions>
					<matchcondition type="property" property="ClassNameForDebug">Unit_F15C_Eagle</matchcondition>
				  </matchconditions>
				</matchcondition>
			  </matchconditions>
			</reference>
		</change>
		<!-- air optics to exceptional part 2-->
		<change operation="set" property="Modules" key="Scanner" type="ObjectReference">
			<reference table="TModuleSelector">
			  <matchconditions>
				<matchcondition type="references" table="TModernWarfareScannerModuleDescriptor">
				  <matchconditions>
					<matchcondition type="property" property="ControllerName">ScannerController</matchcondition>
				  </matchconditions>
				</matchcondition>
				<matchcondition type="referencedby" table="TUniteAuSolDescriptor">
				  <matchconditions>
					<matchcondition type="property" property="ClassNameForDebug">Unit_F15C_Eagle</matchcondition>
				  </matchconditions>
				</matchcondition>
			  </matchconditions>
			</reference>
		</change>
    </changes>
</ndfpatch>

<ndfpatch ndf="pc\ndf\patchable\gfx\everything.ndfbin" table="TUniteAuSolDescriptor" name="F18_5">
    <matchconditions>
      <matchcondition type="property" property="NameInMenuToken">329DCF66AB510504</matchcondition>
      <matchcondition type="property" property="MotherCountry">US</matchcondition>
    </matchconditions>
    <changes>
		<change property="ShowInMenu" key="0" type="Boolean" operation="set">true</change>
		<change property="MaxPacks" type="UInt32" operation="set">2</change>
		<change property="ProductionPrice" type="Int32" key="0" operation="set">160</change>
		<change property="MaxDeployableAmount" operation="clear" />
		<change property="MaxDeployableAmount" type="Int32" operation="append">1</change>
		<change property="MaxDeployableAmount" type="Int32" operation="append">0</change>
		<change property="MaxDeployableAmount" type="Int32" operation="append">0</change>
		<change property="MaxDeployableAmount" type="Int32" operation="append">0</change>
		<change property="MaxDeployableAmount" type="Int32" operation="append">0</change>
		<change property="UnitTypeTokens" operation="clear" />
		<change property="UnitTypeTokens" type="LocalisationHash" operation="append">23B8605ED9380000</change>
		<change property="HitRollECMModifier" type="Float32" operation="set">-0.4</change>
		<change operation="set" property="UpgradeRequire" type="ObjectReference">
			<reference table="TUniteAuSolDescriptor">
				<matchconditions>
					<matchcondition type="property" property="ClassNameForDebug">Unit_F4S_Phantom_II</matchcondition>
				 </matchconditions>
			</reference>
		</change>
		<!-- air optics to exceptional -->
		<change operation="set" property="Modules" key="ScannerConfiguration" type="ObjectReference">
			<reference table="TModuleSelector">
			  <matchconditions>
				<matchcondition type="references" table="TScannerConfigurationDescriptor">
				  <matchconditions>
					<matchcondition type="property" property="ControllerName">ScannerConfigurationController</matchcondition>
				  </matchconditions>
				</matchcondition>
				<matchcondition type="referencedby" table="TUniteAuSolDescriptor">
				  <matchconditions>
					<matchcondition type="property" property="ClassNameForDebug">Unit_F15C_Eagle</matchcondition>
				  </matchconditions>
				</matchcondition>
			  </matchconditions>
			</reference>
		</change>
		<!-- air optics to exceptional part 2-->
		<change operation="set" property="Modules" key="Scanner" type="ObjectReference">
			<reference table="TModuleSelector">
			  <matchconditions>
				<matchcondition type="references" table="TModernWarfareScannerModuleDescriptor">
				  <matchconditions>
					<matchcondition type="property" property="ControllerName">ScannerController</matchcondition>
				  </matchconditions>
				</matchcondition>
				<matchcondition type="referencedby" table="TUniteAuSolDescriptor">
				  <matchconditions>
					<matchcondition type="property" property="ClassNameForDebug">Unit_F15C_Eagle</matchcondition>
				  </matchconditions>
				</matchcondition>
			  </matchconditions>
			</reference>
		</change>
    </changes>
</ndfpatch>

<ndfpatch ndf="pc\ndf\patchable\gfx\everything.ndfbin" table="TUniteAuSolDescriptor" name="F15">
    <matchconditions>
      <matchcondition type="property" property="NameInMenuToken">6ACC9A8F21400000</matchcondition>
      <matchcondition type="property" property="MotherCountry">US</matchcondition>
    </matchconditions>
    <changes>
		<change property="ShowInMenu" key="0" type="Boolean" operation="set">true</change>
		<change property="MaxPacks" type="UInt32" operation="set">2</change>
		<change property="ProductionPrice" type="Int32" key="0" operation="set">145</change>
		<change property="MaxDeployableAmount" operation="clear" />
		<change property="MaxDeployableAmount" type="Int32" operation="append">1</change>
		<change property="MaxDeployableAmount" type="Int32" operation="append">0</change>
		<change property="MaxDeployableAmount" type="Int32" operation="append">0</change>
		<change property="MaxDeployableAmount" type="Int32" operation="append">0</change>
		<change property="MaxDeployableAmount" type="Int32" operation="append">0</change>
		<change property="UnitTypeTokens" operation="clear" />
		<change property="UnitTypeTokens" type="LocalisationHash" operation="append">0BB7685ED9380000</change>
		<change property="HitRollECMModifier" type="Float32" operation="set">-0.4</change>
		<!-- air optics to exceptional -->
		<change operation="set" property="Modules" key="ScannerConfiguration" type="ObjectReference">
			<reference table="TModuleSelector">
			  <matchconditions>
				<matchcondition type="references" table="TScannerConfigurationDescriptor">
				  <matchconditions>
					<matchcondition type="property" property="ControllerName">ScannerConfigurationController</matchcondition>
				  </matchconditions>
				</matchcondition>
				<matchcondition type="referencedby" table="TUniteAuSolDescriptor">
				  <matchconditions>
					<matchcondition type="property" property="ClassNameForDebug">Unit_F15C_Eagle</matchcondition>
				  </matchconditions>
				</matchcondition>
			  </matchconditions>
			</reference>
		</change>
		<!-- air optics to exceptional part 2-->
		<change operation="set" property="Modules" key="Scanner" type="ObjectReference">
			<reference table="TModuleSelector">
			  <matchconditions>
				<matchcondition type="references" table="TModernWarfareScannerModuleDescriptor">
				  <matchconditions>
					<matchcondition type="property" property="ControllerName">ScannerController</matchcondition>
				  </matchconditions>
				</matchcondition>
				<matchcondition type="referencedby" table="TUniteAuSolDescriptor">
				  <matchconditions>
					<matchcondition type="property" property="ClassNameForDebug">Unit_F15C_Eagle</matchcondition>
				  </matchconditions>
				</matchcondition>
			  </matchconditions>
			</reference>
		</change>
    </changes>
</ndfpatch>

<ndfpatch ndf="pc\ndf\patchable\gfx\everything.ndfbin" table="TUniteAuSolDescriptor" name="F15E">
    <matchconditions>
      <matchcondition type="property" property="NameInMenuToken">2AECDE79F7180204</matchcondition>
      <matchcondition type="property" property="MotherCountry">US</matchcondition>
    </matchconditions>
    <changes>
		<change property="ShowInMenu" key="0" type="Boolean" operation="set">true</change>
		<change property="MaxPacks" type="UInt32" operation="set">2</change>
		<change property="MaxDeployableAmount" operation="clear" />
		<change property="MaxDeployableAmount" type="Int32" operation="append">1</change>
		<change property="MaxDeployableAmount" type="Int32" operation="append">0</change>
		<change property="MaxDeployableAmount" type="Int32" operation="append">0</change>
		<change property="MaxDeployableAmount" type="Int32" operation="append">0</change>
		<change property="MaxDeployableAmount" type="Int32" operation="append">0</change>
		<change property="UnitTypeTokens" operation="clear" />
		<change property="UnitTypeTokens" type="LocalisationHash" operation="append">0BB7685ED9380000</change>
		<change operation="set" property="UpgradeRequire" type="ObjectReference">
			<reference table="TUniteAuSolDescriptor">
				<matchconditions>
					<matchcondition type="property" property="ClassNameForDebug">Unit_F15_Eagle</matchcondition>
				 </matchconditions>
			</reference>
		</change>
		<!-- air optics to exceptional -->
		<change operation="set" property="Modules" key="ScannerConfiguration" type="ObjectReference">
			<reference table="TModuleSelector">
			  <matchconditions>
				<matchcondition type="references" table="TScannerConfigurationDescriptor">
				  <matchconditions>
					<matchcondition type="property" property="ControllerName">ScannerConfigurationController</matchcondition>
				  </matchconditions>
				</matchcondition>
				<matchcondition type="referencedby" table="TUniteAuSolDescriptor">
				  <matchconditions>
					<matchcondition type="property" property="ClassNameForDebug">Unit_F15C_Eagle</matchcondition>
				  </matchconditions>
				</matchcondition>
			  </matchconditions>
			</reference>
		</change>
		<!-- air optics to exceptional part 2-->
		<change operation="set" property="Modules" key="Scanner" type="ObjectReference">
			<reference table="TModuleSelector">
			  <matchconditions>
				<matchcondition type="references" table="TModernWarfareScannerModuleDescriptor">
				  <matchconditions>
					<matchcondition type="property" property="ControllerName">ScannerController</matchcondition>
				  </matchconditions>
				</matchcondition>
				<matchcondition type="referencedby" table="TUniteAuSolDescriptor">
				  <matchconditions>
					<matchcondition type="property" property="ClassNameForDebug">Unit_F15C_Eagle</matchcondition>
				  </matchconditions>
				</matchcondition>
			  </matchconditions>
			</reference>
		</change>
    </changes>
</ndfpatch>

<ndfpatch ndf="pc\ndf\patchable\gfx\everything.ndfbin" table="TUniteAuSolDescriptor" name="F15C">
    <matchconditions>
      <matchcondition type="property" property="NameInMenuToken">6ACC9A4F63081000</matchcondition>
      <matchcondition type="property" property="MotherCountry">US</matchcondition>
    </matchconditions>
    <changes>
		<change property="ShowInMenu" key="0" type="Boolean" operation="set">true</change>
		<change property="MaxPacks" type="UInt32" operation="set">2</change>
		<change property="MaxDeployableAmount" operation="clear" />
		<change property="MaxDeployableAmount" type="Int32" operation="append">1</change>
		<change property="MaxDeployableAmount" type="Int32" operation="append">0</change>
		<change property="MaxDeployableAmount" type="Int32" operation="append">0</change>
		<change property="MaxDeployableAmount" type="Int32" operation="append">0</change>
		<change property="MaxDeployableAmount" type="Int32" operation="append">0</change>
		<change property="UnitTypeTokens" operation="clear" />
		<change property="UnitTypeTokens" type="LocalisationHash" operation="append">0BB7685ED9380000</change>
		<change property="HitRollECMModifier" type="Float32" operation="set">-0.4</change>
		<change operation="set" property="UpgradeRequire" type="ObjectReference">
			<reference table="TUniteAuSolDescriptor">
				<matchconditions>
					<matchcondition type="property" property="ClassNameForDebug">Unit_F15E_Striker_Eagle</matchcondition>
				 </matchconditions>
			</reference>
		</change>
    </changes>
</ndfpatch>


<ndfpatch ndf="pc\ndf\patchable\gfx\everything.ndfbin" table="TUniteAuSolDescriptor" name="F16E">
    <matchconditions>
      <matchcondition type="property" property="NameInMenuToken">6EDEB22EF41C0204</matchcondition>
      <matchcondition type="property" property="MotherCountry">US</matchcondition>
    </matchconditions>
    <changes>
		<change property="ShowInMenu" key="0" type="Boolean" operation="set">true</change>
		<change property="MaxPacks" type="UInt32" operation="set">2</change>
		<change property="ProductionPrice" type="Int32" key="0" operation="set">100</change>
		<change property="MaxDeployableAmount" operation="clear" />
		<change property="MaxDeployableAmount" type="Int32" operation="append">1</change>
		<change property="MaxDeployableAmount" type="Int32" operation="append">0</change>
		<change property="MaxDeployableAmount" type="Int32" operation="append">0</change>
		<change property="MaxDeployableAmount" type="Int32" operation="append">0</change>
		<change property="MaxDeployableAmount" type="Int32" operation="append">0</change>
		<change property="UnitTypeTokens" operation="clear" />
		<change property="UnitTypeTokens" type="LocalisationHash" operation="append">0BB7685ED9380000</change>
		<change property="UnitTypeTokens" type="LocalisationHash" operation="append">5C76718B57360E00</change>
		<change property="UpgradeRequire" operation="null" />
		<!-- air optics to exceptional -->
		<change operation="set" property="Modules" key="ScannerConfiguration" type="ObjectReference">
			<reference table="TModuleSelector">
			  <matchconditions>
				<matchcondition type="references" table="TScannerConfigurationDescriptor">
				  <matchconditions>
					<matchcondition type="property" property="ControllerName">ScannerConfigurationController</matchcondition>
				  </matchconditions>
				</matchcondition>
				<matchcondition type="referencedby" table="TUniteAuSolDescriptor">
				  <matchconditions>
					<matchcondition type="property" property="ClassNameForDebug">Unit_F15C_Eagle</matchcondition>
				  </matchconditions>
				</matchcondition>
			  </matchconditions>
			</reference>
		</change>
		<!-- air optics to exceptional part 2-->
		<change operation="set" property="Modules" key="Scanner" type="ObjectReference">
			<reference table="TModuleSelector">
			  <matchconditions>
				<matchcondition type="references" table="TModernWarfareScannerModuleDescriptor">
				  <matchconditions>
					<matchcondition type="property" property="ControllerName">ScannerController</matchcondition>
				  </matchconditions>
				</matchcondition>
				<matchcondition type="referencedby" table="TUniteAuSolDescriptor">
				  <matchconditions>
					<matchcondition type="property" property="ClassNameForDebug">Unit_F15C_Eagle</matchcondition>
				  </matchconditions>
				</matchcondition>
			  </matchconditions>
			</reference>
		</change>
    </changes>
</ndfpatch>


<ndfpatch ndf="pc\ndf\patchable\gfx\everything.ndfbin" table="TUniteAuSolDescriptor" name="F16">
    <matchconditions>
      <matchcondition type="property" property="NameInMenuToken">8700010000000000</matchcondition>
      <matchcondition type="property" property="MotherCountry">US</matchcondition>
    </matchconditions>
    <changes>
		<change property="ShowInMenu" key="0" type="Boolean" operation="set">true</change>
		<change property="MaxPacks" type="UInt32" operation="set">2</change>
		<change property="ProductionPrice" type="Int32" key="0" operation="set">125</change>
		<change property="MaxDeployableAmount" operation="clear" />
		<change property="MaxDeployableAmount" type="Int32" operation="append">1</change>
		<change property="MaxDeployableAmount" type="Int32" operation="append">0</change>
		<change property="MaxDeployableAmount" type="Int32" operation="append">0</change>
		<change property="MaxDeployableAmount" type="Int32" operation="append">0</change>
		<change property="MaxDeployableAmount" type="Int32" operation="append">0</change>
		<change property="UnitTypeTokens" operation="clear" />
		<change property="UnitTypeTokens" type="LocalisationHash" operation="append">0BB7685ED9380000</change>
		<change property="UnitTypeTokens" type="LocalisationHash" operation="append">5C76718B57360E00</change>
		<change property="HitRollECMModifier" type="Float32" operation="set">-0.3</change>
		<change operation="set" property="UpgradeRequire" type="ObjectReference">
			<reference table="TUniteAuSolDescriptor">
				<matchconditions>
					<matchcondition type="property" property="ClassNameForDebug">Unit_F16E_Fighting_Falcon</matchcondition>
				 </matchconditions>
			</reference>
		</change>
		<!-- air optics to exceptional -->
		<change operation="set" property="Modules" key="ScannerConfiguration" type="ObjectReference">
			<reference table="TModuleSelector">
			  <matchconditions>
				<matchcondition type="references" table="TScannerConfigurationDescriptor">
				  <matchconditions>
					<matchcondition type="property" property="ControllerName">ScannerConfigurationController</matchcondition>
				  </matchconditions>
				</matchcondition>
				<matchcondition type="referencedby" table="TUniteAuSolDescriptor">
				  <matchconditions>
					<matchcondition type="property" property="ClassNameForDebug">Unit_F15C_Eagle</matchcondition>
				  </matchconditions>
				</matchcondition>
			  </matchconditions>
			</reference>
		</change>
		<!-- air optics to exceptional part 2-->
		<change operation="set" property="Modules" key="Scanner" type="ObjectReference">
			<reference table="TModuleSelector">
			  <matchconditions>
				<matchcondition type="references" table="TModernWarfareScannerModuleDescriptor">
				  <matchconditions>
					<matchcondition type="property" property="ControllerName">ScannerController</matchcondition>
				  </matchconditions>
				</matchcondition>
				<matchcondition type="referencedby" table="TUniteAuSolDescriptor">
				  <matchconditions>
					<matchcondition type="property" property="ClassNameForDebug">Unit_F15C_Eagle</matchcondition>
				  </matchconditions>
				</matchcondition>
			  </matchconditions>
			</reference>
		</change>
    </changes>
</ndfpatch>

<ndfpatch ndf="pc\ndf\patchable\gfx\everything.ndfbin" table="TUniteAuSolDescriptor" name="F16C">
    <matchconditions>
      <matchcondition type="property" property="NameInMenuToken">064CC74C73081000</matchcondition>
      <matchcondition type="property" property="MotherCountry">US</matchcondition>
    </matchconditions>
    <changes>
		<change property="ShowInMenu" key="0" type="Boolean" operation="set">true</change>
		<change property="MaxPacks" type="UInt32" operation="set">2</change>
		<change property="MaxDeployableAmount" operation="clear" />
		<change property="MaxDeployableAmount" type="Int32" operation="append">1</change>
		<change property="MaxDeployableAmount" type="Int32" operation="append">0</change>
		<change property="MaxDeployableAmount" type="Int32" operation="append">0</change>
		<change property="MaxDeployableAmount" type="Int32" operation="append">0</change>
		<change property="MaxDeployableAmount" type="Int32" operation="append">0</change>
		<change property="UnitTypeTokens" operation="clear" />
		<change property="UnitTypeTokens" type="LocalisationHash" operation="append">0BB7685ED9380000</change>
		<change property="UnitTypeTokens" type="LocalisationHash" operation="append">5C76718B57360E00</change>
		<change property="HitRollECMModifier" type="Float32" operation="set">-0.3</change>
		<change operation="set" property="UpgradeRequire" type="ObjectReference">
			<reference table="TUniteAuSolDescriptor">
				<matchconditions>
					<matchcondition type="property" property="ClassNameForDebug">Unit_F16</matchcondition>
				 </matchconditions>
			</reference>
		</change>
		<!-- air optics to exceptional -->
		<change operation="set" property="Modules" key="ScannerConfiguration" type="ObjectReference">
			<reference table="TModuleSelector">
			  <matchconditions>
				<matchcondition type="references" table="TScannerConfigurationDescriptor">
				  <matchconditions>
					<matchcondition type="property" property="ControllerName">ScannerConfigurationController</matchcondition>
				  </matchconditions>
				</matchcondition>
				<matchcondition type="referencedby" table="TUniteAuSolDescriptor">
				  <matchconditions>
					<matchcondition type="property" property="ClassNameForDebug">Unit_F15C_Eagle</matchcondition>
				  </matchconditions>
				</matchcondition>
			  </matchconditions>
			</reference>
		</change>
		<!-- air optics to exceptional part 2-->
		<change operation="set" property="Modules" key="Scanner" type="ObjectReference">
			<reference table="TModuleSelector">
			  <matchconditions>
				<matchcondition type="references" table="TModernWarfareScannerModuleDescriptor">
				  <matchconditions>
					<matchcondition type="property" property="ControllerName">ScannerController</matchcondition>
				  </matchconditions>
				</matchcondition>
				<matchcondition type="referencedby" table="TUniteAuSolDescriptor">
				  <matchconditions>
					<matchcondition type="property" property="ClassNameForDebug">Unit_F15C_Eagle</matchcondition>
				  </matchconditions>
				</matchcondition>
			  </matchconditions>
			</reference>
		</change>
    </changes>
</ndfpatch>


</wargamepatch>