<wargamepatch>

<ndfpatch ndf="pc\ndf\patchable\gfx\everything.ndfbin" table="TUniteAuSolDescriptor" name="Stinger">
	<matchconditions>
		<matchcondition type="property" property="NameInMenuToken">0D3BBB7907000000</matchcondition>
		<matchcondition type="property" property="MotherCountry">US</matchcondition>
	</matchconditions>
	<changes>
		<change property="ShowInMenu" key="0" type="Boolean" operation="set">true</change>
		<change property="Factory" type="Int32" operation="set">13</change>
		<change property="ProductionPrice" type="Int32" key="0" operation="set">15</change>
		<change property="MaxDeployableAmount" operation="clear" />
		<change property="MaxDeployableAmount" type="Int32" operation="append">8</change>
		<change property="MaxDeployableAmount" type="Int32" operation="append">0</change>
		<change property="MaxDeployableAmount" type="Int32" operation="append">0</change>
		<change property="MaxDeployableAmount" type="Int32" operation="append">0</change>
		<change property="MaxDeployableAmount" type="Int32" operation="append">4</change>
		<change property="UnitTypeTokens" operation="clear" />
		<change property="UnitTypeTokens" type="LocalisationHash" operation="append">5C76718B57360E00</change>
		<change property="UnitTypeTokens" type="LocalisationHash" operation="append">0BB7685ED9380000</change>
		<change property="UnitTypeTokens" type="LocalisationHash" operation="append">23B8605ED9380000</change>
			<!-- mobility module to Rfilemen -->
			<change operation="set" property="Modules" key="MouvementHandler" type="ObjectReference">
				<reference table="TModuleSelector">
				  <matchconditions>
					<matchcondition type="references" table="TMouvementHandlerLandVehicleDescriptor">
					  <matchconditions>
						<matchcondition type="property" property="ControllerName">MouvementHandlerController</matchcondition>
					  </matchconditions>
					</matchcondition>
					<matchcondition type="referencedby" table="TUniteAuSolDescriptor">
					  <matchconditions>
						<matchcondition type="property" property="ClassNameForDebug">Unit_US_85_Riflemen</matchcondition>
					  </matchconditions>
					</matchcondition>
				  </matchconditions>
				</reference>
			</change>
	</changes>
</ndfpatch>

<ndfpatch ndf="pc\ndf\patchable\gfx\everything.ndfbin" table="TUniteAuSolDescriptor" name="LAV_M">
	<matchconditions>
		<matchcondition type="property" property="NameInMenuToken">17B8580000000000</matchcondition>
		<matchcondition type="property" property="MotherCountry">US</matchcondition>
	</matchconditions>
	<changes>
		<change property="ShowInMenu" key="0" type="Boolean" operation="set">true</change>
		<change property="ProductionPrice" type="Int32" key="0" operation="set">35</change>
		<change property="MaxDeployableAmount" operation="clear" />
		<change property="MaxDeployableAmount" type="Int32" operation="append">4</change>
		<change property="MaxDeployableAmount" type="Int32" operation="append">0</change>
		<change property="MaxDeployableAmount" type="Int32" operation="append">0</change>
		<change property="MaxDeployableAmount" type="Int32" operation="append">0</change>
		<change property="MaxDeployableAmount" type="Int32" operation="append">2</change>
		<change property="UnitTypeTokens" operation="clear" />
		<change property="UnitTypeTokens" type="LocalisationHash" operation="append">0BB7685ED9380000</change>
		<change property="UnitTypeTokens" type="LocalisationHash" operation="append">23B8605ED9380000</change>
	</changes>
</ndfpatch>

<ndfpatch ndf="pc\ndf\patchable\gfx\everything.ndfbin" table="TUniteAuSolDescriptor" name="M106A2">
	<matchconditions>
		<matchcondition type="property" property="NameInMenuToken">C37204C205000000</matchcondition>
		<matchcondition type="property" property="MotherCountry">US</matchcondition>
	</matchconditions>
	<changes>
		<change property="ShowInMenu" key="0" type="Boolean" operation="set">true</change>
		<change property="MaxDeployableAmount" operation="clear" />
		<change property="MaxDeployableAmount" type="Int32" operation="append">4</change>
		<change property="MaxDeployableAmount" type="Int32" operation="append">0</change>
		<change property="MaxDeployableAmount" type="Int32" operation="append">0</change>
		<change property="MaxDeployableAmount" type="Int32" operation="append">0</change>
		<change property="MaxDeployableAmount" type="Int32" operation="append">2</change>
		<change property="UnitTypeTokens" operation="clear" />
		<change property="UnitTypeTokens" type="LocalisationHash" operation="append">5C76718B57360E00</change>
	</changes>
</ndfpatch>

<ndfpatch ndf="pc\ndf\patchable\gfx\everything.ndfbin" table="TUniteAuSolDescriptor" name="avenger">
	<matchconditions>
		<matchcondition type="property" property="NameInMenuToken">B7CACEEABE000000</matchcondition>
		<matchcondition type="property" property="MotherCountry">US</matchcondition>
	</matchconditions>
	<changes>
		<change property="ShowInMenu" key="0" type="Boolean" operation="set">true</change>
		<change property="ProductionPrice" type="Int32" key="0" operation="set">35</change>
		<change property="MaxDeployableAmount" operation="clear" />
		<change property="MaxDeployableAmount" type="Int32" operation="append">6</change>
		<change property="MaxDeployableAmount" type="Int32" operation="append">0</change>
		<change property="MaxDeployableAmount" type="Int32" operation="append">0</change>
		<change property="MaxDeployableAmount" type="Int32" operation="append">0</change>
		<change property="MaxDeployableAmount" type="Int32" operation="append">3</change>
		<change property="UnitTypeTokens" operation="clear" />
		<change property="UnitTypeTokens" type="LocalisationHash" operation="append">23B8605ED9380000</change>
		<change property="UnitTypeTokens" type="LocalisationHash" operation="append">0BB7685ED9380000</change>
		<!--Stealth to Medium -->
		<change operation="set" property="Modules" key="Visibility" type="ObjectReference">
			<reference table="TModuleSelector">
			  <matchconditions>
				<matchcondition type="references" table="TVisibilityModuleDescriptor">
				  <matchconditions>
					<matchcondition type="property" property="ControllerName">VisibilityController</matchcondition>
				  </matchconditions>
				</matchcondition>
				<matchcondition type="referencedby" table="TUniteAuSolDescriptor">
				  <matchconditions>
					<matchcondition type="property" property="ClassNameForDebug">Unit_FV712_Ferret_UK</matchcondition>
				  </matchconditions>
				</matchcondition>
			  </matchconditions>
			</reference>
		</change>
	</changes>
</ndfpatch>


<ndfpatch ndf="pc\ndf\patchable\gfx\everything.ndfbin" table="TUniteAuSolDescriptor" name="ADATS">
	<matchconditions>
		<matchcondition type="property" property="NameInMenuToken">9DB7380B00000000</matchcondition>
		<matchcondition type="property" property="MotherCountry">CAN</matchcondition>
	</matchconditions>
	<changes>
		<change property="ShowInMenu" key="0" type="Boolean" operation="set">true</change>
		<change property="MotherCountry" type="TableString" operation="set">US</change>
		<change property="MaxPacks" type="UInt32" operation="set">2</change>
		<change property="MaxDeployableAmount" operation="clear" />
		<change property="MaxDeployableAmount" type="Int32" operation="append">2</change>
		<change property="MaxDeployableAmount" type="Int32" operation="append">0</change>
		<change property="MaxDeployableAmount" type="Int32" operation="append">0</change>
		<change property="MaxDeployableAmount" type="Int32" operation="append">0</change>
		<change property="MaxDeployableAmount" type="Int32" operation="append">1</change>
		<change property="UnitTypeTokens" operation="clear" />
		<change property="UnitTypeTokens" type="LocalisationHash" operation="append">5C76718B57360E00</change>
		<change operation="set" property="UpgradeRequire" type="ObjectReference">
			<reference table="TUniteAuSolDescriptor">
				<matchconditions>
					<matchcondition type="property" property="ClassNameForDebug">Unit_M3_Bradley</matchcondition>
				 </matchconditions>
			</reference>
		</change>
	</changes>
</ndfpatch>

<ndfpatch ndf="pc\ndf\patchable\gfx\everything.ndfbin" table="TUniteAuSolDescriptor" name="Linebacker">
<!-- M3 becomes new unit-->
	<matchconditions>
		<matchcondition type="property" property="NameInMenuToken">BE1AA7E6CD101700</matchcondition>
		<matchcondition type="property" property="MotherCountry">US</matchcondition>
	</matchconditions>
	<changes>
		<change property="ShowInMenu" key="0" type="Boolean" operation="set">true</change>
		<change property="HitRollSizeModifier" type="Float32" operation="set">0.05</change>
		<change property="AcknowUnitType" type="Int32" operation="set">31</change>
		<change property="TypeForAcknow" type="Int32" operation="set">123</change>
		<change property="Factory" type="Int32" operation="set">13</change>
		<change property="ProductionPrice" type="Int32" key="0" operation="set">55</change>
		<change property="MaxDeployableAmount" operation="clear" />
		<change property="MaxDeployableAmount" type="Int32" operation="append">6</change>
		<change property="MaxDeployableAmount" type="Int32" operation="append">0</change>
		<change property="MaxDeployableAmount" type="Int32" operation="append">0</change>
		<change property="MaxDeployableAmount" type="Int32" operation="append">0</change>
		<change property="MaxDeployableAmount" type="Int32" operation="append">3</change>
		<change property="UnitTypeTokens" operation="clear" />
		<change property="UnitTypeTokens" type="LocalisationHash" operation="append">5C76718B57360E00</change>
		<!-- optics to good "air" -->
		<change operation="set" property="Modules" key="ScannerConfiguration" type="ObjectReference">
			<reference table="TModuleSelector">
			  <matchconditions>
				<matchcondition type="references" table="TScannerConfigurationDescriptor">
				  <matchconditions>
					<matchcondition type="property" property="ControllerName">ScannerConfigurationController</matchcondition>
				  </matchconditions>
				</matchcondition>
				<matchcondition type="referencedby" table="TUniteAuSolDescriptor">
				  <matchconditions>
					<matchcondition type="property" property="ClassNameForDebug">Unit_M1097_Avenger</matchcondition>
				  </matchconditions>
				</matchcondition>
			  </matchconditions>
			</reference>
		</change>
		<!-- optics to good "air" part 2 -->
		<change operation="set" property="Modules" key="Scanner" type="ObjectReference">
			<reference table="TModuleSelector">
			  <matchconditions>
				<matchcondition type="references" table="TModernWarfareScannerModuleDescriptor">
				  <matchconditions>
					<matchcondition type="property" property="ControllerName">ScannerController</matchcondition>
				  </matchconditions>
				</matchcondition>
				<matchcondition type="referencedby" table="TUniteAuSolDescriptor">
				  <matchconditions>
					<matchcondition type="property" property="ClassNameForDebug">Unit_M1097_Avenger</matchcondition>
				  </matchconditions>
				</matchcondition>
			  </matchconditions>
			</reference>
		</change>
		<!--Stealth to poor -->
		<change operation="set" property="Modules" key="Visibility" type="ObjectReference">
			<reference table="TModuleSelector">
			  <matchconditions>
				<matchcondition type="references" table="TVisibilityModuleDescriptor">
				  <matchconditions>
					<matchcondition type="property" property="ControllerName">VisibilityController</matchcondition>
				  </matchconditions>
				</matchcondition>
				<matchcondition type="referencedby" table="TUniteAuSolDescriptor">
				  <matchconditions>
					<matchcondition type="property" property="ClassNameForDebug">Unit_LAV_25</matchcondition>
				  </matchconditions>
				</matchcondition>
			  </matchconditions>
			</reference>
		</change>
			<!-- armor module to M3A3 -->
			<change operation="set" property="Modules" key="Damage" type="ObjectReference">
				<reference table="TModuleSelector">
				  <matchconditions>
					<matchcondition type="references" table="TModernWarfareDamageModuleDescriptor">
					  <matchconditions>
						<matchcondition type="property" property="ControllerName">DamageController</matchcondition>
					  </matchconditions>
					</matchcondition>
					<matchcondition type="referencedby" table="TUniteAuSolDescriptor">
					  <matchconditions>
						<matchcondition type="property" property="ClassNameForDebug">Unit_M3A3_Bradley_US</matchcondition>
					  </matchconditions>
					</matchcondition>
				  </matchconditions>
				</reference>
			</change>
	</changes>
</ndfpatch>

<ndfpatch ndf="pc\ndf\patchable\gfx\everything.ndfbin" table="TUniteAuSolDescriptor" name="M125A1">
	<matchconditions>
		<matchcondition type="property" property="NameInMenuToken">C2620CC205000000</matchcondition>
		<matchcondition type="property" property="MotherCountry">US</matchcondition>
	</matchconditions>
	<changes>
		<change property="ShowInMenu" key="0" type="Boolean" operation="set">true</change>
		<change property="MaxDeployableAmount" operation="clear" />
		<change property="MaxDeployableAmount" type="Int32" operation="append">4</change>
		<change property="MaxDeployableAmount" type="Int32" operation="append">0</change>
		<change property="MaxDeployableAmount" type="Int32" operation="append">0</change>
		<change property="MaxDeployableAmount" type="Int32" operation="append">0</change>
		<change property="MaxDeployableAmount" type="Int32" operation="append">2</change>
		<change property="UnitTypeTokens" operation="clear" />
		<change property="UnitTypeTokens" type="LocalisationHash" operation="append">5C76718B57360E00</change>
	</changes>
</ndfpatch>

</wargamepatch>