<wargamepatch>
<ndfpatch ndf="pc\ndf\patchable\gfx\everything.ndfbin" table="TUniteAuSolDescriptor" name="M551_TTS">
   <matchconditions>
		<matchcondition type="property" property="NameInMenuToken">9DE7098671010000</matchcondition>
		<matchcondition type="property" property="MotherCountry">US</matchcondition>
   </matchconditions>
   <changes>
		<change property="ShowInMenu" key="0" type="Boolean" operation="set">true</change>
		<change property="HitRollSizeModifier" type="Float32" operation="set">-0.05</change>
		<change property="AcknowUnitType" type="Int32" operation="set">22</change>
		<change property="TypeForAcknow" type="Int32" operation="set">108</change>
		<change property="Factory" type="Int32" operation="set">9</change>
		<change property="ProductionPrice" type="Int32" key="0" operation="set">20</change>
		<change property="MaxDeployableAmount" operation="clear" />
		<change property="MaxDeployableAmount" type="Int32" operation="append">12</change>
		<change property="MaxDeployableAmount" type="Int32" operation="append">0</change>
		<change property="MaxDeployableAmount" type="Int32" operation="append">0</change>
		<change property="MaxDeployableAmount" type="Int32" operation="append">0</change>
		<change property="MaxDeployableAmount" type="Int32" operation="append">6</change>
		<change property="UnitTypeTokens" operation="clear" />
		<change property="UnitTypeTokens" type="LocalisationHash" operation="append">5C76718B57360E00</change>
		<change property="UnitTypeTokens" type="LocalisationHash" operation="append">0BB7685ED9380000</change>
		<change property="UpgradeRequire" operation="null" />
		<!-- optics to good -->
		<change operation="set" property="Modules" key="ScannerConfiguration" type="ObjectReference">
			<reference table="TModuleSelector">
			  <matchconditions>
				<matchcondition type="references" table="TScannerConfigurationDescriptor">
				  <matchconditions>
					<matchcondition type="property" property="ControllerName">ScannerConfigurationController</matchcondition>
				  </matchconditions>
				</matchcondition>
				<matchcondition type="referencedby" table="TUniteAuSolDescriptor">
				  <matchconditions>
					<matchcondition type="property" property="ClassNameForDebug">Unit_KPZ_T55</matchcondition>
				  </matchconditions>
				</matchcondition>
			  </matchconditions>
			</reference>
		</change>
		<!-- optics to good part 2-->
		<change operation="set" property="Modules" key="Scanner" type="ObjectReference">
			<reference table="TModuleSelector">
			  <matchconditions>
				<matchcondition type="references" table="TModernWarfareScannerModuleDescriptor">
				  <matchconditions>
					<matchcondition type="property" property="ControllerName">ScannerController</matchcondition>
				  </matchconditions>
				</matchcondition>
				<matchcondition type="referencedby" table="TUniteAuSolDescriptor">
				  <matchconditions>
					<matchcondition type="property" property="ClassNameForDebug">Unit_KPZ_T55</matchcondition>
				  </matchconditions>
				</matchcondition>
			  </matchconditions>
			</reference>
		</change>
		<!--Stealth to poor -->
		<change operation="set" property="Modules" key="Visibility" type="ObjectReference">
			<reference table="TModuleSelector">
			  <matchconditions>
				<matchcondition type="references" table="TVisibilityModuleDescriptor">
				  <matchconditions>
					<matchcondition type="property" property="ControllerName">VisibilityController</matchcondition>
				  </matchconditions>
				</matchcondition>
				<matchcondition type="referencedby" table="TUniteAuSolDescriptor">
				  <matchconditions>
					<matchcondition type="property" property="ClassNameForDebug">Unit_LAV_25</matchcondition>
				  </matchconditions>
				</matchcondition>
			  </matchconditions>
			</reference>
		</change>
   </changes>
</ndfpatch>

<ndfpatch ndf="pc\ndf\patchable\gfx\everything.ndfbin" table="TUniteAuSolDescriptor" name="M1A1HC">
   <matchconditions>
		<matchcondition type="property" property="NameInMenuToken">E67D2E8D242CC205</matchcondition>
		<matchcondition type="property" property="MotherCountry">US</matchcondition>
   </matchconditions>
   <changes>
		<change property="ShowInMenu" key="0" type="Boolean" operation="set">true</change>
		<change property="MaxPacks" type="Uint32" operation="set">2</change>
		<change property="MaxDeployableAmount" operation="clear" />
		<change property="MaxDeployableAmount" type="Int32" operation="append">2</change>
		<change property="MaxDeployableAmount" type="Int32" operation="append">0</change>
		<change property="MaxDeployableAmount" type="Int32" operation="append">0</change>
		<change property="MaxDeployableAmount" type="Int32" operation="append">0</change>
		<change property="MaxDeployableAmount" type="Int32" operation="append">1</change>
		<change property="UnitTypeTokens" operation="clear" />
		<change property="UnitTypeTokens" type="LocalisationHash" operation="append">23B8605ED9380000</change>
		<!-- optics to bad -->
		<change operation="set" property="Modules" key="ScannerConfiguration" type="ObjectReference">
			<reference table="TModuleSelector">
			  <matchconditions>
				<matchcondition type="references" table="TScannerConfigurationDescriptor">
				  <matchconditions>
					<matchcondition type="property" property="ControllerName">ScannerConfigurationController</matchcondition>
				  </matchconditions>
				</matchcondition>
				<matchcondition type="referencedby" table="TUniteAuSolDescriptor">
				  <matchconditions>
					<matchcondition type="property" property="ClassNameForDebug">Unit_M113A3</matchcondition>
				  </matchconditions>
				</matchcondition>
			  </matchconditions>
			</reference>
		</change>
		<!-- optics to bad part 2-->
		<change operation="set" property="Modules" key="Scanner" type="ObjectReference">
			<reference table="TModuleSelector">
			  <matchconditions>
				<matchcondition type="references" table="TModernWarfareScannerModuleDescriptor">
				  <matchconditions>
					<matchcondition type="property" property="ControllerName">ScannerController</matchcondition>
				  </matchconditions>
				</matchcondition>
				<matchcondition type="referencedby" table="TUniteAuSolDescriptor">
				  <matchconditions>
					<matchcondition type="property" property="ClassNameForDebug">Unit_M113A3</matchcondition>
				  </matchconditions>
				</matchcondition>
			  </matchconditions>
			</reference>
		</change>
   </changes>
</ndfpatch>

<ndfpatch ndf="pc\ndf\patchable\gfx\everything.ndfbin" table="TUniteAuSolDescriptor" name="M60A1_ERA">
   <matchconditions>
		<matchcondition type="property" property="NameInMenuToken">DDB7708FB004C705</matchcondition>
		<matchcondition type="property" property="MotherCountry">US</matchcondition>
   </matchconditions>
   <changes>
		<change property="ShowInMenu" key="0" type="Boolean" operation="set">true</change>
		<change property="MaxDeployableAmount" operation="clear" />
		<change property="MaxDeployableAmount" type="Int32" operation="append">12</change>
		<change property="MaxDeployableAmount" type="Int32" operation="append">0</change>
		<change property="MaxDeployableAmount" type="Int32" operation="append">0</change>
		<change property="MaxDeployableAmount" type="Int32" operation="append">0</change>
		<change property="MaxDeployableAmount" type="Int32" operation="append">6</change>
		<change property="UnitTypeTokens" operation="clear" />
		<change property="UnitTypeTokens" type="LocalisationHash" operation="append">23B8605ED9380000</change>
		<change property="UpgradeRequire" operation="null" />
   </changes>
</ndfpatch>

<ndfpatch ndf="pc\ndf\patchable\gfx\everything.ndfbin" table="TUniteAuSolDescriptor" name="M60A3">
   <matchconditions>
		<matchcondition type="property" property="NameInMenuToken">749E9B1AB104C705</matchcondition>
		<matchcondition type="property" property="MotherCountry">US</matchcondition>
   </matchconditions>
   <changes>
		<change property="ShowInMenu" key="0" type="Boolean" operation="set">true</change>
		<change property="MaxDeployableAmount" operation="clear" />
		<change property="MaxDeployableAmount" type="Int32" operation="append">12</change>
		<change property="MaxDeployableAmount" type="Int32" operation="append">0</change>
		<change property="MaxDeployableAmount" type="Int32" operation="append">0</change>
		<change property="MaxDeployableAmount" type="Int32" operation="append">0</change>
		<change property="MaxDeployableAmount" type="Int32" operation="append">6</change>
		<change property="UnitTypeTokens" operation="clear" />
		<change property="UnitTypeTokens" type="LocalisationHash" operation="append">5C76718B57360E00</change>
		<change property="UpgradeRequire" operation="null" />
		<!-- optics to bad -->
		<change operation="set" property="Modules" key="ScannerConfiguration" type="ObjectReference">
			<reference table="TModuleSelector">
			  <matchconditions>
				<matchcondition type="references" table="TScannerConfigurationDescriptor">
				  <matchconditions>
					<matchcondition type="property" property="ControllerName">ScannerConfigurationController</matchcondition>
				  </matchconditions>
				</matchcondition>
				<matchcondition type="referencedby" table="TUniteAuSolDescriptor">
				  <matchconditions>
					<matchcondition type="property" property="ClassNameForDebug">Unit_M113A3</matchcondition>
				  </matchconditions>
				</matchcondition>
			  </matchconditions>
			</reference>
		</change>
		<!-- optics to bad part 2-->
		<change operation="set" property="Modules" key="Scanner" type="ObjectReference">
			<reference table="TModuleSelector">
			  <matchconditions>
				<matchcondition type="references" table="TModernWarfareScannerModuleDescriptor">
				  <matchconditions>
					<matchcondition type="property" property="ControllerName">ScannerController</matchcondition>
				  </matchconditions>
				</matchcondition>
				<matchcondition type="referencedby" table="TUniteAuSolDescriptor">
				  <matchconditions>
					<matchcondition type="property" property="ClassNameForDebug">Unit_M113A3</matchcondition>
				  </matchconditions>
				</matchcondition>
			  </matchconditions>
			</reference>
		</change>
   </changes>
</ndfpatch>

<ndfpatch ndf="pc\ndf\patchable\gfx\everything.ndfbin" table="TUniteAuSolDescriptor" name="M1A1">
   <matchconditions>
		<matchcondition type="property" property="NameInMenuToken">B86CDEE7222CC205</matchcondition>
		<matchcondition type="property" property="MotherCountry">US</matchcondition>
   </matchconditions>
   <changes>
		<change property="ShowInMenu" key="0" type="Boolean" operation="set">true</change>
		<change property="MaxDeployableAmount" operation="clear" />
		<change property="MaxDeployableAmount" type="Int32" operation="append">6</change>
		<change property="MaxDeployableAmount" type="Int32" operation="append">0</change>
		<change property="MaxDeployableAmount" type="Int32" operation="append">0</change>
		<change property="MaxDeployableAmount" type="Int32" operation="append">0</change>
		<change property="MaxDeployableAmount" type="Int32" operation="append">3</change>
		<change property="UnitTypeTokens" operation="clear" />
		<change property="UnitTypeTokens" type="LocalisationHash" operation="append">5C76718B57360E00</change>
		<change operation="set" property="UpgradeRequire" type="ObjectReference">
			<reference table="TUniteAuSolDescriptor">
				<matchconditions>
					<matchcondition type="property" property="ClassNameForDebug">Unit_M60A3_Patton</matchcondition>
				 </matchconditions>
			</reference>
		</change>
		<!-- optics to bad -->
		<change operation="set" property="Modules" key="ScannerConfiguration" type="ObjectReference">
			<reference table="TModuleSelector">
			  <matchconditions>
				<matchcondition type="references" table="TScannerConfigurationDescriptor">
				  <matchconditions>
					<matchcondition type="property" property="ControllerName">ScannerConfigurationController</matchcondition>
				  </matchconditions>
				</matchcondition>
				<matchcondition type="referencedby" table="TUniteAuSolDescriptor">
				  <matchconditions>
					<matchcondition type="property" property="ClassNameForDebug">Unit_M113A3</matchcondition>
				  </matchconditions>
				</matchcondition>
			  </matchconditions>
			</reference>
		</change>
		<!-- optics to bad part 2-->
		<change operation="set" property="Modules" key="Scanner" type="ObjectReference">
			<reference table="TModuleSelector">
			  <matchconditions>
				<matchcondition type="references" table="TModernWarfareScannerModuleDescriptor">
				  <matchconditions>
					<matchcondition type="property" property="ControllerName">ScannerController</matchcondition>
				  </matchconditions>
				</matchcondition>
				<matchcondition type="referencedby" table="TUniteAuSolDescriptor">
				  <matchconditions>
					<matchcondition type="property" property="ClassNameForDebug">Unit_M113A3</matchcondition>
				  </matchconditions>
				</matchcondition>
			  </matchconditions>
			</reference>
		</change>
   </changes>
</ndfpatch>

<ndfpatch ndf="pc\ndf\patchable\gfx\everything.ndfbin" table="TUniteAuSolDescriptor" name="M1A2">
   <matchconditions>
		<matchcondition type="property" property="NameInMenuToken">B86CDEE7322CC205</matchcondition>
		<matchcondition type="property" property="MotherCountry">US</matchcondition>
   </matchconditions>
   <changes>
		<change property="ShowInMenu" key="0" type="Boolean" operation="set">true</change>
		<change property="MaxPacks" type="Uint32" operation="set">2</change>
		<change property="MaxDeployableAmount" operation="clear" />
		<change property="MaxDeployableAmount" type="Int32" operation="append">1</change>
		<change property="MaxDeployableAmount" type="Int32" operation="append">0</change>
		<change property="MaxDeployableAmount" type="Int32" operation="append">0</change>
		<change property="MaxDeployableAmount" type="Int32" operation="append">0</change>
		<change property="MaxDeployableAmount" type="Int32" operation="append">0</change>
		<change operation="set" property="UpgradeRequire" type="ObjectReference">
			<reference table="TUniteAuSolDescriptor">
				<matchconditions>
					<matchcondition type="property" property="ClassNameForDebug">Unit_M1A1_Abrams</matchcondition>
				 </matchconditions>
			</reference>
		</change>
		<!-- optics to bad -->
		<change operation="set" property="Modules" key="ScannerConfiguration" type="ObjectReference">
			<reference table="TModuleSelector">
			  <matchconditions>
				<matchcondition type="references" table="TScannerConfigurationDescriptor">
				  <matchconditions>
					<matchcondition type="property" property="ControllerName">ScannerConfigurationController</matchcondition>
				  </matchconditions>
				</matchcondition>
				<matchcondition type="referencedby" table="TUniteAuSolDescriptor">
				  <matchconditions>
					<matchcondition type="property" property="ClassNameForDebug">Unit_M113A3</matchcondition>
				  </matchconditions>
				</matchcondition>
			  </matchconditions>
			</reference>
		</change>
		<!-- optics to bad part 2-->
		<change operation="set" property="Modules" key="Scanner" type="ObjectReference">
			<reference table="TModuleSelector">
			  <matchconditions>
				<matchcondition type="references" table="TModernWarfareScannerModuleDescriptor">
				  <matchconditions>
					<matchcondition type="property" property="ControllerName">ScannerController</matchcondition>
				  </matchconditions>
				</matchcondition>
				<matchcondition type="referencedby" table="TUniteAuSolDescriptor">
				  <matchconditions>
					<matchcondition type="property" property="ClassNameForDebug">Unit_M113A3</matchcondition>
				  </matchconditions>
				</matchcondition>
			  </matchconditions>
			</reference>
		</change>
   </changes>
</ndfpatch>

</wargamepatch>