<wargamepatch>

<!-- SUP -->

<!-- create Unguided 30mm for Tunguska -->
	<ndfcreate ndf="pc\ndf\patchable\gfx\everything.ndfbin" table="TMountedWeaponDescriptor" name="Tunguska_M" />
<ndfpatch ndf="pc\ndf\patchable\gfx\everything.ndfbin" table="TTurretTwoAxisDescriptor" name="Tunguska_M">
		<matchconditions>
			<matchcondition type="referencedby" table="TWeaponManagerModuleDescriptor">
				<matchconditions>
					<matchcondition type="property" property="_ShortDatabaseName">WeaponDescriptor_Unit_2K22M_Tunguska_M</matchcondition>
				</matchconditions>
			</matchcondition>
			<matchcondition type="property" property="TargetPositionPhysicalPropertyName">TargetPositionTurret1</matchcondition>
		</matchconditions>
		<changes>
			<change operation="append" property="MountedWeaponDescriptorList" type="ObjectReference">
				<reference table="TMountedWeaponDescriptor">
					<matchconditions>	
						<matchcondition type="property" property="__order">last</matchcondition>
					</matchconditions>
				</reference>
			</change>
		</changes>
</ndfpatch>

<!-- TNK -->



</wargamepatch>