<wargamepatch>

<!-- INF -->

 <ndfpatch ndf="pc\ndf\patchable\gfx\everything.ndfbin" table="TWargameLabelModuleDescriptor" name="Weapons_Team">
    
    <matchconditions>
      <matchcondition type="property" property="CompanyName">383DDF74D475DC07</matchcondition>
    </matchconditions>
    <changes>
      <change operation="set" property="RTSTexture">
        <reference table="TUIResourceTexture">
          <matchconditions>
            <matchcondition type="property" property="FileName">GameData:/Assets/2D/Interface/UseInGame/LabelIcons/RTS/NATO_Infantry.png</matchcondition>
          </matchconditions>
        </reference>
      </change>
      <change operation="set" property="NATOTexture">
        <reference table="TUIResourceTexture">
          <matchconditions>
            <matchcondition type="property" property="FileName">GameData:/Assets/2D/Interface/UseInGame/LabelIcons/NATO/NATO_Infantry.png</matchcondition>
          </matchconditions>
        </reference>
      </change>
      <change operation="set" property="NATOTextureName" type="TableString">NATO_Infantry</change>
    </changes>
  </ndfpatch>

 <ndfpatch ndf="pc\ndf\patchable\gfx\everything.ndfbin" table="TWargameLabelModuleDescriptor" name="VDV_MAT">
    
    <matchconditions>
      <matchcondition type="property" property="CompanyName">F34D4781D275DC07</matchcondition>
    </matchconditions>
    <changes>
      <change operation="set" property="RTSTexture">
        <reference table="TUIResourceTexture">
          <matchconditions>
            <matchcondition type="property" property="FileName">GameData:/Assets/2D/Interface/UseInGame/LabelIcons/RTS/NATO_Infantry.png</matchcondition>
          </matchconditions>
        </reference>
      </change>
      <change operation="set" property="NATOTexture">
        <reference table="TUIResourceTexture">
          <matchconditions>
            <matchcondition type="property" property="FileName">GameData:/Assets/2D/Interface/UseInGame/LabelIcons/NATO/NATO_Infantry.png</matchcondition>
          </matchconditions>
        </reference>
      </change>
      <change operation="set" property="NATOTextureName" type="TableString">NATO_Infantry</change>
    </changes>
  </ndfpatch>
  
  <!-- TNK -->

 <ndfpatch ndf="pc\ndf\patchable\gfx\everything.ndfbin" table="TWargameLabelModuleDescriptor" name="PT_76B">
    
    <matchconditions>
      <matchcondition type="property" property="CompanyName">55DB39CC81781A00</matchcondition>
    </matchconditions>
    <changes>
		<change property="HintToken" type="LocalisationHash" operation="set">F06C7ABBD9000000</change>
      <change operation="set" property="RTSTexture">
        <reference table="TUIResourceTexture">
          <matchconditions>
            <matchcondition type="property" property="FileName">GameData:/Assets/2D/Interface/UseInGame/LabelIcons/RTS/NATO_Armored.png</matchcondition>
          </matchconditions>
        </reference>
      </change>
      <change operation="set" property="NATOTexture">
        <reference table="TUIResourceTexture">
          <matchconditions>
            <matchcondition type="property" property="FileName">GameData:/Assets/2D/Interface/UseInGame/LabelIcons/NATO/NATO_Armored.png</matchcondition>
          </matchconditions>
        </reference>
      </change>
      <change operation="set" property="NATOTextureName" type="TableString">NATO_Armored</change>
    </changes>
  </ndfpatch>
  
<!-- REC -->

 <ndfpatch ndf="pc\ndf\patchable\gfx\everything.ndfbin" table="TWargameLabelModuleDescriptor" name="Mi_2">
    
    <matchconditions>
      <matchcondition type="property" property="CompanyName">AF2B9318F70DD305</matchcondition>
    </matchconditions>
    <changes>
		<change property="HintToken" type="LocalisationHash" operation="set">6EACB659F3700000</change>
      <change operation="set" property="RTSTexture">
        <reference table="TUIResourceTexture">
          <matchconditions>
            <matchcondition type="property" property="FileName">GameData:/Assets/2D/Interface/UseInGame/LabelIcons/RTS/NATO_Recon_Helico.png</matchcondition>
          </matchconditions>
        </reference>
      </change>
      <change operation="set" property="NATOTexture">
        <reference table="TUIResourceTexture">
          <matchconditions>
            <matchcondition type="property" property="FileName">GameData:/Assets/2D/Interface/UseInGame/LabelIcons/NATO/NATO_Recon_Helico.png</matchcondition>
          </matchconditions>
        </reference>
      </change>
      <change operation="set" property="NATOTextureName" type="TableString">NATO_Recon_Helico</change>
    </changes>
  </ndfpatch>
  
  <!-- VHC -->
  
 <ndfpatch ndf="pc\ndf\patchable\gfx\everything.ndfbin" table="TWargameLabelModuleDescriptor" name="BRDM_2">
    
    <matchconditions>
      <matchcondition type="property" property="CompanyName">C3E5700C00000000</matchcondition>
    </matchconditions>
    <changes>
      <change operation="set" property="HintToken" type="LocalisationHash">F94DD7B5DE010000</change>
    </changes>
  </ndfpatch>
  
 <ndfpatch ndf="pc\ndf\patchable\gfx\everything.ndfbin" table="TWargameLabelModuleDescriptor" name="UAZ_Plamya">
    <matchconditions>
      <matchcondition type="property" property="CompanyName">42172DCA5190CB07</matchcondition>
    </matchconditions>
    <changes>
      <change operation="set" property="RTSTexture">
        <reference table="TUIResourceTexture">
          <matchconditions>
            <matchcondition type="property" property="FileName">GameData:/Assets/2D/Interface/UseInGame/LabelIcons/RTS/NATO_Camion.png</matchcondition>
          </matchconditions>
        </reference>
      </change>
      <change operation="set" property="NATOTexture">
        <reference table="TUIResourceTexture">
          <matchconditions>
            <matchcondition type="property" property="FileName">GameData:/Assets/2D/Interface/UseInGame/LabelIcons/NATO/NATO_Camion.png</matchcondition>
          </matchconditions>
        </reference>
      </change>
      <change operation="set" property="NATOTextureName" type="TableString">NATO_Camion</change>
      <change operation="set" property="HintToken" type="LocalisationHash">F94DD7B5DE010000</change>
    </changes>
  </ndfpatch>
  
<!-- HEL -->

 <ndfpatch ndf="pc\ndf\patchable\gfx\everything.ndfbin" table="TWargameLabelModuleDescriptor" name="Mi_24V_ATGM">
    
    <matchconditions>
      <matchcondition type="property" property="CompanyName">4F3ABB12580CD305</matchcondition>
    </matchconditions>
    <changes>
		<change property="HintToken" type="LocalisationHash" operation="set">B5DBE225F6450000</change>
    </changes>
  </ndfpatch>
  
  <!-- AIR -->
  
 <ndfpatch ndf="pc\ndf\patchable\gfx\everything.ndfbin" table="TWargameLabelModuleDescriptor" name="MiG_29S">
    
    <matchconditions>
      <matchcondition type="property" property="CompanyName">68AC43CAC0BA1700</matchcondition>
    </matchconditions>
    <changes>
		<change property="HintToken" type="LocalisationHash" operation="set">B5DEDDEE02000000</change>
      <change operation="set" property="RTSTexture">
        <reference table="TUIResourceTexture">
          <matchconditions>
            <matchcondition type="property" property="FileName">GameData:/Assets/2D/Interface/UseInGame/LabelIcons/RTS/NATO_Air_Sup.png</matchcondition>
          </matchconditions>
        </reference>
      </change>
      <change operation="set" property="NATOTexture">
        <reference table="TUIResourceTexture">
          <matchconditions>
            <matchcondition type="property" property="FileName">GameData:/Assets/2D/Interface/UseInGame/LabelIcons/NATO/NATO_Air_Sup.png</matchcondition>
          </matchconditions>
        </reference>
      </change>
      <change operation="set" property="NATOTextureName" type="TableString">NATO_Air_Sup</change>
    </changes>
  </ndfpatch>

<ndfpatch ndf="pc\ndf\patchable\gfx\everything.ndfbin" table="TWargameLabelModuleDescriptor" name="Su_24M_NPLM">
    
    <matchconditions>
      <matchcondition type="property" property="CompanyName">B78ACE2A540C7A07</matchcondition>
    </matchconditions>
    <changes>
		<change property="HintToken" type="LocalisationHash" operation="set">CB12010000000000</change>
      <change operation="set" property="RTSTexture">
        <reference table="TUIResourceTexture">
          <matchconditions>
            <matchcondition type="property" property="FileName">GameData:/Assets/2D/Interface/UseInGame/LabelIcons/RTS/NATO_CAS.png</matchcondition>
          </matchconditions>
        </reference>
      </change>
      <change operation="set" property="NATOTexture">
        <reference table="TUIResourceTexture">
          <matchconditions>
            <matchcondition type="property" property="FileName">GameData:/Assets/2D/Interface/UseInGame/LabelIcons/NATO/NATO_CAS.png</matchcondition>
          </matchconditions>
        </reference>
      </change>
      <change operation="set" property="NATOTextureName" type="TableString">NATO_CAS</change>
    </changes>
  </ndfpatch>

</wargamepatch>